{"stats":{"minecraft:picked_up":{"minecraft:repeater":6,"minecraft:structure_block":2,"minecraft:red_wool":1,"minecraft:filled_map":1,"minecraft:grass_block":1,"minecraft:redstone":97,"minecraft:spider_eye":1,"minecraft:string":2,"minecraft:orange_wool":1,"minecraft:arrow":3,"minecraft:bone":2,"minecraft:slime_ball":3,"minecraft:rotten_flesh":2,"minecraft:bow":1,"minecraft:lever":7,"minecraft:redstone_torch":69},"minecraft:dropped":{"minecraft:filled_map":2,"minecraft:lever":2,"minecraft:repeater":6,"minecraft:structure_block":2,"minecraft:red_wool":1,"minecraft:orange_wool":1,"minecraft:grass_block":1,"minecraft:redstone":4},"minecraft:used":{"minecraft:redstone_torch":97,"minecraft:lever":47,"minecraft:red_wool":136,"minecraft:grass_block":183,"minecraft:redstone":1553,"minecraft:brown_wool":150,"minecraft:map":14,"minecraft:green_wool":146,"minecraft:tinted_glass":10,"minecraft:structure_block":81,"minecraft:yellow_wool":95,"minecraft:white_wool":33,"minecraft:light_gray_wool":47,"minecraft:repeater":294,"minecraft:redstone_lamp":7,"minecraft:lime_terracotta":64,"minecraft:light_blue_concrete_powder":20,"minecraft:oak_slab":6,"minecraft:light_blue_wool":46,"minecraft:white_bed":3,"minecraft:white_stained_glass":49,"minecraft:orange_wool":55,"minecraft:deepslate_redstone_ore":2,"minecraft:ice":32,"minecraft:pink_concrete_powder":24,"minecraft:gray_wool":150},"minecraft:killed":{"minecraft:skeleton":1,"minecraft:spider":1,"minecraft:slime":6,"minecraft:creeper":1},"minecraft:custom":{"minecraft:time_since_rest":15362,"minecraft:sprint_one_cm":2345,"minecraft:damage_taken":50,"minecraft:walk_one_cm":616770,"minecraft:mob_kills":9,"minecraft:drop":18,"minecraft:damage_dealt":2296,"minecraft:fly_one_cm":2520743,"minecraft:crouch_one_cm":7875,"minecraft:play_time":448099,"minecraft:sneak_time":14250,"minecraft:jump":710,"minecraft:leave_game":20,"minecraft:time_since_death":448099,"minecraft:sleep_in_bed":21,"minecraft:total_world_time":584574,"minecraft:fall_one_cm":756}},"DataVersion":3578}