{"stats":{"minecraft:used":{"minecraft:redstone_torch":3,"minecraft:glass":6,"minecraft:netherite_sword":48,"minecraft:lever":7,"minecraft:lava_bucket":1,"minecraft:grass_block":5,"minecraft:redstone":29,"minecraft:oak_sign":8,"minecraft:chest":1,"minecraft:polished_granite":8,"minecraft:redstone_lamp":5,"minecraft:torch":628,"minecraft:repeater":2,"minecraft:anvil":1,"minecraft:comparator":2},"minecraft:killed_by":{"minecraft:zombie":1},"minecraft:killed":{"minecraft:slime":46},"minecraft:picked_up":{"minecraft:repeater":2,"minecraft:redstone_lamp":1,"minecraft:structure_block":1,"minecraft:filled_map":12,"minecraft:white_bed":1,"minecraft:grass_block":1,"minecraft:redstone":95,"minecraft:spider_eye":1,"minecraft:string":2,"minecraft:orange_wool":1,"minecraft:white_stained_glass":1,"minecraft:arrow":3,"minecraft:bone":2,"minecraft:rotten_flesh":2,"minecraft:slime_ball":27,"minecraft:bow":1,"minecraft:lever":8,"minecraft:redstone_torch":47},"minecraft:custom":{"minecraft:time_since_rest":628,"minecraft:sprint_one_cm":12238,"minecraft:damage_taken":405,"minecraft:walk_one_cm":111002,"minecraft:interact_with_anvil":1,"minecraft:mob_kills":46,"minecraft:damage_dealt":1053,"minecraft:fly_one_cm":518139,"minecraft:open_chest":5,"minecraft:crouch_one_cm":2333,"minecraft:play_time":72570,"minecraft:deaths":7,"minecraft:sneak_time":1207,"minecraft:jump":204,"minecraft:leave_game":9,"minecraft:time_since_death":592,"minecraft:total_world_time":79352,"minecraft:fall_one_cm":2266}},"DataVersion":3578}