{
  "minecraft:recipes/decorations/crafting_table": {
    "criteria": {
      "unlock_right_away": "2023-11-08 17:12:26 +0530"
    },
    "done": true
  },
  "minecraft:adventure/adventuring_time": {
    "criteria": {
      "minecraft:plains": "2023-11-08 17:12:27 +0530"
    },
    "done": false
  },
  "minecraft:recipes/redstone/repeater": {
    "criteria": {
      "has_redstone_torch": "2023-11-08 17:12:44 +0530"
    },
    "done": true
  },
  "minecraft:recipes/redstone/redstone_torch": {
    "criteria": {
      "has_redstone": "2023-11-08 17:12:46 +0530"
    },
    "done": true
  },
  "minecraft:recipes/tools/clock": {
    "criteria": {
      "has_redstone": "2023-11-08 17:12:46 +0530"
    },
    "done": true
  },
  "minecraft:recipes/redstone/dropper": {
    "criteria": {
      "has_redstone": "2023-11-08 17:12:46 +0530"
    },
    "done": true
  },
  "minecraft:recipes/redstone/redstone_block": {
    "criteria": {
      "has_redstone": "2023-11-08 17:12:46 +0530"
    },
    "done": true
  },
  "minecraft:recipes/redstone/note_block": {
    "criteria": {
      "has_redstone": "2023-11-08 17:12:46 +0530"
    },
    "done": true
  },
  "minecraft:recipes/redstone/target": {
    "criteria": {
      "has_redstone": "2023-11-08 17:12:46 +0530"
    },
    "done": true
  },
  "minecraft:recipes/tools/compass": {
    "criteria": {
      "has_redstone": "2023-11-08 17:12:46 +0530"
    },
    "done": true
  },
  "minecraft:recipes/redstone/piston": {
    "criteria": {
      "has_redstone": "2023-11-08 17:12:46 +0530"
    },
    "done": true
  },
  "minecraft:recipes/decorations/white_banner": {
    "criteria": {
      "has_white_wool": "2023-11-08 17:22:20 +0530"
    },
    "done": true
  },
  "minecraft:recipes/decorations/painting": {
    "criteria": {
      "has_wool": "2023-11-08 17:22:20 +0530"
    },
    "done": true
  },
  "minecraft:recipes/decorations/white_bed": {
    "criteria": {
      "has_white_wool": "2023-11-08 17:22:20 +0530"
    },
    "done": true
  },
  "minecraft:recipes/decorations/white_carpet": {
    "criteria": {
      "has_white_wool": "2023-11-08 17:22:20 +0530"
    },
    "done": true
  },
  "minecraft:recipes/decorations/composter": {
    "criteria": {
      "has_wood_slab": "2023-11-08 17:22:25 +0530"
    },
    "done": true
  },
  "minecraft:recipes/decorations/barrel": {
    "criteria": {
      "has_wood_slab": "2023-11-08 17:22:25 +0530"
    },
    "done": true
  },
  "minecraft:recipes/misc/charcoal": {
    "criteria": {
      "has_log": "2023-11-08 17:33:20 +0530"
    },
    "done": true
  },
  "minecraft:recipes/building_blocks/acacia_wood": {
    "criteria": {
      "has_log": "2023-11-08 17:33:20 +0530"
    },
    "done": true
  },
  "minecraft:recipes/building_blocks/acacia_planks": {
    "criteria": {
      "has_log": "2023-11-08 17:33:20 +0530"
    },
    "done": true
  },
  "minecraft:recipes/decorations/green_bed": {
    "criteria": {
      "has_green_wool": "2023-11-08 17:58:26 +0530"
    },
    "done": true
  },
  "minecraft:recipes/decorations/green_banner": {
    "criteria": {
      "has_green_wool": "2023-11-08 17:58:26 +0530"
    },
    "done": true
  },
  "minecraft:recipes/decorations/green_carpet": {
    "criteria": {
      "has_green_wool": "2023-11-08 17:58:26 +0530"
    },
    "done": true
  },
  "minecraft:recipes/decorations/gray_bed": {
    "criteria": {
      "has_gray_wool": "2023-11-08 18:00:44 +0530"
    },
    "done": true
  },
  "minecraft:recipes/decorations/gray_banner": {
    "criteria": {
      "has_gray_wool": "2023-11-08 18:00:44 +0530"
    },
    "done": true
  },
  "minecraft:recipes/decorations/gray_carpet": {
    "criteria": {
      "has_gray_wool": "2023-11-08 18:00:44 +0530"
    },
    "done": true
  },
  "minecraft:adventure/sleep_in_bed": {
    "criteria": {
      "slept_in_bed": "2023-11-08 18:03:38 +0530"
    },
    "done": true
  },
  "minecraft:adventure/root": {
    "criteria": {
      "killed_something": "2023-11-08 18:03:57 +0530"
    },
    "done": true
  },
  "minecraft:adventure/kill_all_mobs": {
    "criteria": {
      "minecraft:skeleton": "2023-11-08 21:55:43 +0530",
      "minecraft:spider": "2023-11-08 21:56:12 +0530",
      "minecraft:creeper": "2023-11-08 21:55:20 +0530",
      "minecraft:slime": "2023-11-08 18:03:57 +0530"
    },
    "done": false
  },
  "minecraft:adventure/kill_a_mob": {
    "criteria": {
      "minecraft:slime": "2023-11-08 18:03:57 +0530"
    },
    "done": true
  },
  "minecraft:recipes/redstone/redstone_from_smelting_deepslate_redstone_ore": {
    "criteria": {
      "has_deepslate_redstone_ore": "2023-11-08 18:05:15 +0530"
    },
    "done": true
  },
  "minecraft:recipes/redstone/redstone_from_blasting_deepslate_redstone_ore": {
    "criteria": {
      "has_deepslate_redstone_ore": "2023-11-08 18:05:15 +0530"
    },
    "done": true
  },
  "minecraft:recipes/decorations/light_gray_bed": {
    "criteria": {
      "has_light_gray_wool": "2023-11-08 18:09:19 +0530"
    },
    "done": true
  },
  "minecraft:recipes/decorations/light_gray_banner": {
    "criteria": {
      "has_light_gray_wool": "2023-11-08 18:09:19 +0530"
    },
    "done": true
  },
  "minecraft:recipes/decorations/light_gray_carpet": {
    "criteria": {
      "has_light_gray_wool": "2023-11-08 18:09:19 +0530"
    },
    "done": true
  },
  "minecraft:recipes/decorations/brown_banner": {
    "criteria": {
      "has_brown_wool": "2023-11-08 18:18:32 +0530"
    },
    "done": true
  },
  "minecraft:recipes/decorations/brown_bed": {
    "criteria": {
      "has_brown_wool": "2023-11-08 18:18:32 +0530"
    },
    "done": true
  },
  "minecraft:recipes/decorations/brown_carpet": {
    "criteria": {
      "has_brown_wool": "2023-11-08 18:18:32 +0530"
    },
    "done": true
  },
  "minecraft:recipes/decorations/red_carpet": {
    "criteria": {
      "has_red_wool": "2023-11-08 18:22:11 +0530"
    },
    "done": true
  },
  "minecraft:recipes/decorations/red_banner": {
    "criteria": {
      "has_red_wool": "2023-11-08 18:22:11 +0530"
    },
    "done": true
  },
  "minecraft:recipes/decorations/red_bed": {
    "criteria": {
      "has_red_wool": "2023-11-08 18:22:11 +0530"
    },
    "done": true
  },
  "minecraft:recipes/decorations/orange_bed": {
    "criteria": {
      "has_orange_wool": "2023-11-08 18:25:07 +0530"
    },
    "done": true
  },
  "minecraft:recipes/decorations/orange_banner": {
    "criteria": {
      "has_orange_wool": "2023-11-08 18:25:07 +0530"
    },
    "done": true
  },
  "minecraft:recipes/decorations/orange_carpet": {
    "criteria": {
      "has_orange_wool": "2023-11-08 18:25:07 +0530"
    },
    "done": true
  },
  "minecraft:recipes/decorations/light_blue_bed": {
    "criteria": {
      "has_light_blue_wool": "2023-11-08 18:29:25 +0530"
    },
    "done": true
  },
  "minecraft:recipes/decorations/light_blue_carpet": {
    "criteria": {
      "has_light_blue_wool": "2023-11-08 18:29:25 +0530"
    },
    "done": true
  },
  "minecraft:recipes/decorations/light_blue_banner": {
    "criteria": {
      "has_light_blue_wool": "2023-11-08 18:29:25 +0530"
    },
    "done": true
  },
  "minecraft:recipes/decorations/yellow_banner": {
    "criteria": {
      "has_yellow_wool": "2023-11-08 18:33:54 +0530"
    },
    "done": true
  },
  "minecraft:recipes/decorations/yellow_bed": {
    "criteria": {
      "has_yellow_wool": "2023-11-08 18:33:54 +0530"
    },
    "done": true
  },
  "minecraft:recipes/decorations/yellow_carpet": {
    "criteria": {
      "has_yellow_wool": "2023-11-08 18:33:54 +0530"
    },
    "done": true
  },
  "minecraft:recipes/decorations/chest": {
    "criteria": {
      "has_lots_of_items": "2023-11-08 18:33:57 +0530"
    },
    "done": true
  },
  "minecraft:recipes/decorations/black_bed": {
    "criteria": {
      "has_black_wool": "2023-11-08 18:53:50 +0530"
    },
    "done": true
  },
  "minecraft:recipes/decorations/black_carpet": {
    "criteria": {
      "has_black_wool": "2023-11-08 18:53:50 +0530"
    },
    "done": true
  },
  "minecraft:recipes/decorations/black_banner": {
    "criteria": {
      "has_black_wool": "2023-11-08 18:53:50 +0530"
    },
    "done": true
  },
  "minecraft:recipes/redstone/dispenser": {
    "criteria": {
      "has_bow": "2023-11-08 21:55:44 +0530"
    },
    "done": true
  },
  "minecraft:recipes/brewing/fermented_spider_eye": {
    "criteria": {
      "has_spider_eye": "2023-11-08 21:56:20 +0530"
    },
    "done": true
  },
  "minecraft:recipes/combat/bow": {
    "criteria": {
      "has_string": "2023-11-08 21:56:20 +0530"
    },
    "done": true
  },
  "minecraft:recipes/tools/fishing_rod": {
    "criteria": {
      "has_string": "2023-11-08 21:56:20 +0530"
    },
    "done": true
  },
  "minecraft:recipes/building_blocks/white_wool_from_string": {
    "criteria": {
      "has_string": "2023-11-08 21:56:20 +0530"
    },
    "done": true
  },
  "minecraft:recipes/redstone/tripwire_hook": {
    "criteria": {
      "has_string": "2023-11-08 21:56:20 +0530"
    },
    "done": true
  },
  "minecraft:recipes/combat/crossbow": {
    "criteria": {
      "has_string": "2023-11-08 21:56:20 +0530"
    },
    "done": true
  },
  "minecraft:recipes/decorations/candle": {
    "criteria": {
      "has_string": "2023-11-08 21:56:20 +0530"
    },
    "done": true
  },
  "minecraft:recipes/decorations/loom": {
    "criteria": {
      "has_string": "2023-11-08 21:56:20 +0530"
    },
    "done": true
  },
  "minecraft:recipes/decorations/lime_glazed_terracotta": {
    "criteria": {
      "has_lime_terracotta": "2023-11-09 10:54:37 +0530"
    },
    "done": true
  },
  "minecraft:recipes/misc/bone_meal": {
    "criteria": {
      "has_bone": "2023-11-09 11:43:14 +0530"
    },
    "done": true
  },
  "minecraft:recipes/redstone/sticky_piston": {
    "criteria": {
      "has_slime_ball": "2023-11-09 17:33:59 +0530"
    },
    "done": true
  },
  "minecraft:recipes/redstone/slime_block": {
    "criteria": {
      "has_slime_ball": "2023-11-09 17:33:59 +0530"
    },
    "done": true
  },
  "minecraft:recipes/tools/lead": {
    "criteria": {
      "has_slime_ball": "2023-11-09 17:33:59 +0530"
    },
    "done": true
  },
  "minecraft:recipes/decorations/white_stained_glass_pane": {
    "criteria": {
      "has_glass": "2023-11-09 20:27:52 +0530"
    },
    "done": true
  },
  "minecraft:recipes/building_blocks/packed_ice": {
    "criteria": {
      "has_ice": "2023-11-09 20:49:15 +0530"
    },
    "done": true
  },
  "DataVersion": 3578
}