{
  "minecraft:adventure/adventuring_time": {
    "criteria": {
      "minecraft:beach": "2023-11-04 18:44:02 +0530",
      "minecraft:river": "2023-11-04 18:48:42 +0530",
      "minecraft:plains": "2023-11-04 18:41:33 +0530"
    },
    "done": false
  },
  "minecraft:recipes/tools/clock": {
    "criteria": {
      "has_redstone": "2023-11-04 18:41:42 +0530"
    },
    "done": true
  },
  "minecraft:recipes/redstone/redstone_torch": {
    "criteria": {
      "has_redstone": "2023-11-04 18:41:42 +0530"
    },
    "done": true
  },
  "minecraft:recipes/tools/compass": {
    "criteria": {
      "has_redstone": "2023-11-04 18:41:42 +0530"
    },
    "done": true
  },
  "minecraft:recipes/redstone/note_block": {
    "criteria": {
      "has_redstone": "2023-11-04 18:41:42 +0530"
    },
    "done": true
  },
  "minecraft:recipes/redstone/dropper": {
    "criteria": {
      "has_redstone": "2023-11-04 18:41:42 +0530"
    },
    "done": true
  },
  "minecraft:recipes/redstone/redstone_block": {
    "criteria": {
      "has_redstone": "2023-11-04 18:41:42 +0530"
    },
    "done": true
  },
  "minecraft:recipes/redstone/piston": {
    "criteria": {
      "has_redstone": "2023-11-04 18:41:42 +0530"
    },
    "done": true
  },
  "minecraft:recipes/redstone/target": {
    "criteria": {
      "has_redstone": "2023-11-04 18:41:42 +0530"
    },
    "done": true
  },
  "minecraft:recipes/redstone/repeater": {
    "criteria": {
      "has_redstone_torch": "2023-11-04 18:41:44 +0530"
    },
    "done": true
  },
  "minecraft:recipes/redstone/redstone": {
    "criteria": {
      "has_redstone_block": "2023-11-04 18:41:49 +0530"
    },
    "done": true
  },
  "minecraft:recipes/building_blocks/polished_granite_stairs": {
    "criteria": {
      "has_polished_granite": "2023-11-04 18:43:40 +0530"
    },
    "done": true
  },
  "minecraft:recipes/building_blocks/polished_granite_slab": {
    "criteria": {
      "has_polished_granite": "2023-11-04 18:43:40 +0530"
    },
    "done": true
  },
  "minecraft:recipes/building_blocks/polished_granite_slab_from_polished_granite_stonecutting": {
    "criteria": {
      "has_polished_granite": "2023-11-04 18:43:40 +0530"
    },
    "done": true
  },
  "minecraft:recipes/building_blocks/polished_granite_stairs_from_polished_granite_stonecutting": {
    "criteria": {
      "has_polished_granite": "2023-11-04 18:43:40 +0530"
    },
    "done": true
  },
  "minecraft:recipes/decorations/orange_bed": {
    "criteria": {
      "has_orange_wool": "2023-11-09 22:47:04 +0530"
    },
    "done": true
  },
  "minecraft:recipes/decorations/painting": {
    "criteria": {
      "has_wool": "2023-11-09 22:47:04 +0530"
    },
    "done": true
  },
  "minecraft:recipes/decorations/orange_carpet": {
    "criteria": {
      "has_orange_wool": "2023-11-09 22:47:04 +0530"
    },
    "done": true
  },
  "minecraft:recipes/decorations/orange_banner": {
    "criteria": {
      "has_orange_wool": "2023-11-09 22:47:05 +0530"
    },
    "done": true
  },
  "minecraft:recipes/redstone/sticky_piston": {
    "criteria": {
      "has_slime_ball": "2023-11-09 22:47:05 +0530"
    },
    "done": true
  },
  "minecraft:recipes/brewing/fermented_spider_eye": {
    "criteria": {
      "has_spider_eye": "2023-11-09 22:47:05 +0530"
    },
    "done": true
  },
  "minecraft:recipes/combat/bow": {
    "criteria": {
      "has_string": "2023-11-09 22:47:05 +0530"
    },
    "done": true
  },
  "minecraft:recipes/decorations/composter": {
    "criteria": {
      "has_wood_slab": "2023-11-09 22:47:05 +0530"
    },
    "done": true
  },
  "minecraft:recipes/tools/fishing_rod": {
    "criteria": {
      "has_string": "2023-11-09 22:47:05 +0530"
    },
    "done": true
  },
  "minecraft:recipes/decorations/crafting_table": {
    "criteria": {
      "unlock_right_away": "2023-11-09 22:47:05 +0530"
    },
    "done": true
  },
  "minecraft:recipes/decorations/chest": {
    "criteria": {
      "has_lots_of_items": "2023-11-09 22:47:05 +0530"
    },
    "done": true
  },
  "minecraft:recipes/redstone/dispenser": {
    "criteria": {
      "has_bow": "2023-11-09 22:47:05 +0530"
    },
    "done": true
  },
  "minecraft:recipes/building_blocks/white_wool_from_string": {
    "criteria": {
      "has_string": "2023-11-09 22:47:05 +0530"
    },
    "done": true
  },
  "minecraft:recipes/redstone/slime_block": {
    "criteria": {
      "has_slime_ball": "2023-11-09 22:47:05 +0530"
    },
    "done": true
  },
  "minecraft:recipes/redstone/tripwire_hook": {
    "criteria": {
      "has_string": "2023-11-09 22:47:05 +0530"
    },
    "done": true
  },
  "minecraft:recipes/misc/bone_meal": {
    "criteria": {
      "has_bone": "2023-11-09 22:47:05 +0530"
    },
    "done": true
  },
  "minecraft:recipes/combat/crossbow": {
    "criteria": {
      "has_string": "2023-11-09 22:47:05 +0530"
    },
    "done": true
  },
  "minecraft:recipes/decorations/barrel": {
    "criteria": {
      "has_wood_slab": "2023-11-09 22:47:05 +0530"
    },
    "done": true
  },
  "minecraft:recipes/decorations/candle": {
    "criteria": {
      "has_string": "2023-11-09 22:47:05 +0530"
    },
    "done": true
  },
  "minecraft:recipes/decorations/white_stained_glass_pane": {
    "criteria": {
      "has_glass": "2023-11-09 22:47:05 +0530"
    },
    "done": true
  },
  "minecraft:recipes/decorations/loom": {
    "criteria": {
      "has_string": "2023-11-09 22:47:05 +0530"
    },
    "done": true
  },
  "minecraft:recipes/tools/lead": {
    "criteria": {
      "has_slime_ball": "2023-11-09 22:47:05 +0530"
    },
    "done": true
  },
  "minecraft:adventure/root": {
    "criteria": {
      "killed_by_something": "2023-11-09 22:52:01 +0530"
    },
    "done": true
  },
  "minecraft:recipes/building_blocks/red_stained_glass": {
    "criteria": {
      "has_glass": "2023-12-12 15:41:26 +0530"
    },
    "done": true
  },
  "minecraft:recipes/building_blocks/light_blue_stained_glass": {
    "criteria": {
      "has_glass": "2023-12-12 15:41:26 +0530"
    },
    "done": true
  },
  "minecraft:recipes/brewing/glass_bottle": {
    "criteria": {
      "has_glass": "2023-12-12 15:41:26 +0530"
    },
    "done": true
  },
  "minecraft:recipes/building_blocks/green_stained_glass": {
    "criteria": {
      "has_glass": "2023-12-12 15:41:26 +0530"
    },
    "done": true
  },
  "minecraft:recipes/building_blocks/brown_stained_glass": {
    "criteria": {
      "has_glass": "2023-12-12 15:41:26 +0530"
    },
    "done": true
  },
  "minecraft:recipes/building_blocks/light_gray_stained_glass": {
    "criteria": {
      "has_glass": "2023-12-12 15:41:26 +0530"
    },
    "done": true
  },
  "minecraft:recipes/building_blocks/blue_stained_glass": {
    "criteria": {
      "has_glass": "2023-12-12 15:41:26 +0530"
    },
    "done": true
  },
  "minecraft:recipes/building_blocks/orange_stained_glass": {
    "criteria": {
      "has_glass": "2023-12-12 15:41:26 +0530"
    },
    "done": true
  },
  "minecraft:recipes/building_blocks/cyan_stained_glass": {
    "criteria": {
      "has_glass": "2023-12-12 15:41:26 +0530"
    },
    "done": true
  },
  "minecraft:recipes/building_blocks/pink_stained_glass": {
    "criteria": {
      "has_glass": "2023-12-12 15:41:26 +0530"
    },
    "done": true
  },
  "minecraft:recipes/building_blocks/black_stained_glass": {
    "criteria": {
      "has_glass": "2023-12-12 15:41:26 +0530"
    },
    "done": true
  },
  "minecraft:recipes/building_blocks/gray_stained_glass": {
    "criteria": {
      "has_glass": "2023-12-12 15:41:26 +0530"
    },
    "done": true
  },
  "minecraft:recipes/building_blocks/purple_stained_glass": {
    "criteria": {
      "has_glass": "2023-12-12 15:41:26 +0530"
    },
    "done": true
  },
  "minecraft:recipes/building_blocks/yellow_stained_glass": {
    "criteria": {
      "has_glass": "2023-12-12 15:41:26 +0530"
    },
    "done": true
  },
  "minecraft:recipes/building_blocks/lime_stained_glass": {
    "criteria": {
      "has_glass": "2023-12-12 15:41:26 +0530"
    },
    "done": true
  },
  "minecraft:recipes/decorations/glass_pane": {
    "criteria": {
      "has_glass": "2023-12-12 15:41:26 +0530"
    },
    "done": true
  },
  "minecraft:recipes/building_blocks/magenta_stained_glass": {
    "criteria": {
      "has_glass": "2023-12-12 15:41:26 +0530"
    },
    "done": true
  },
  "minecraft:recipes/building_blocks/white_stained_glass": {
    "criteria": {
      "has_glass": "2023-12-12 15:41:26 +0530"
    },
    "done": true
  },
  "minecraft:adventure/kill_all_mobs": {
    "criteria": {
      "minecraft:slime": "2023-12-12 15:48:58 +0530"
    },
    "done": false
  },
  "minecraft:adventure/kill_a_mob": {
    "criteria": {
      "minecraft:slime": "2023-12-12 15:48:58 +0530"
    },
    "done": true
  },
  "minecraft:story/lava_bucket": {
    "criteria": {
      "lava_bucket": "2023-12-12 16:05:00 +0530"
    },
    "done": true
  },
  "DataVersion": 3578
}